{"train_runtime": 2.1423, "train_samples_per_second": 5.135, "train_steps_per_second": 0.467, "total_flos": 140937221111808.0, "train_loss": 1.5736119747161865, "train/epoch": 0.6666666666666666, "train/global_step": 1, "_timestamp": 1744067797.011337, "_runtime": 93.68268299102783, "_step": 10, "eval/loss": 1.5432448387145996, "eval/accuracy": 0.741238996844378, "eval/total": 12042, "eval/invalid_preds": 242217, "eval/invalid_labels": 244731, "eval/runtime": 28.4118, "eval/samples_per_second": 8.834, "eval/steps_per_second": 1.126, "_wandb": {"runtime": 100}}