{"train_runtime": 911.4302, "train_samples_per_second": 1.646, "train_steps_per_second": 0.411, "total_flos": 0.0, "train_loss": 0.6905802408854167, "train/epoch": 3.0, "train/global_step": 375, "_timestamp": 1742269322.0783975, "_runtime": 910.3978824615479, "_step": 0, "_wandb": {"runtime": 910}}