{"train_runtime": 0.4694, "train_samples_per_second": 2.13, "train_steps_per_second": 2.13, "total_flos": 17617152638976.0, "train_loss": 0.4035388231277466, "train/epoch": 1.0, "train/global_step": 1, "_timestamp": 1744060124.9325774, "_runtime": 48.13055729866028, "_step": 10, "eval/loss": 1.5434455871582031, "eval/train_runtime": 0.4526, "eval/train_samples_per_second": 2.209, "eval/train_steps_per_second": 2.209, "eval/total_flos": 17617152638976.0, "eval/train_loss": 0.4255189001560211, "eval/epoch": 1.0, "eval/train_samples": 11, "eval/runtime": 28.2051, "eval/samples_per_second": 8.899, "eval/steps_per_second": 1.135, "_wandb": {"runtime": 50}}