{"train_runtime": 6.4677, "train_samples_per_second": 11.751, "train_steps_per_second": 1.392, "total_flos": 38087082344448.0, "train_loss": 1.61517514122857, "train/epoch": 0.9473684210526315, "train/global_step": 9, "_timestamp": 1744025591.066013, "_runtime": 6563.150858163834, "_step": 59, "eval/loss": 1.6018610000610352, "eval/accuracy": 0.18961038961038962, "eval/f1": 0.09374370430157071, "eval/runtime": 30.8794, "eval/samples_per_second": 37.404, "eval/steps_per_second": 4.696, "_wandb": {"runtime": 6563}}