{"train_runtime": 0.4325, "train_samples_per_second": 2.312, "train_steps_per_second": 2.312, "total_flos": 17617152638976.0, "train_loss": 0.4026139974594116, "train/epoch": 1.0, "train/global_step": 1, "_timestamp": 1744059657.8341777, "_runtime": 48.09420871734619, "_step": 10, "eval/loss": 1.5433210134506226, "eval/accuracy": 0.03474664392284235, "eval/total": 256773, "eval/invalid_preds": 0, "eval/invalid_labels": 0, "eval/runtime": 27.9914, "eval/samples_per_second": 8.967, "eval/steps_per_second": 1.143, "_wandb": {"runtime": 70}}