{"train/loss": 1.3926, "train/grad_norm": 0.337890625, "train/learning_rate": 0.0, "train/epoch": 0.995397555943501, "train/global_step": 196, "_timestamp": 1744327148.1516795, "_runtime": 10241.313828468323, "_step": 196, "train_runtime": 10242.3431, "train_samples_per_second": 2.461, "train_steps_per_second": 0.019, "total_flos": 1.0197534107794145e+18, "train_loss": 1.3841227092305008, "_wandb": {"runtime": 10242}}