{"train_runtime": 56.9904, "train_samples_per_second": 3.86, "train_steps_per_second": 0.474, "total_flos": 3805304970018816.0, "train_loss": 1.1936861673990886, "train/epoch": 0.9818181818181818, "train/global_step": 27, "_timestamp": 1744086345.0357482, "_runtime": 1608.126600265503, "_step": 29, "eval/loss": 1.1606873273849487, "eval/accuracy": 0.7840890217571832, "eval/total": 12042, "eval/invalid_preds": 242771, "eval/invalid_labels": 244731, "eval/runtime": 28.8476, "eval/samples_per_second": 8.701, "eval/steps_per_second": 1.109, "_wandb": {"runtime": 1609}}