{"train/loss": 1.4126, "train/grad_norm": 0.2119140625, "train/learning_rate": 8.20349761526232e-08, "train/epoch": 0.9996027016289233, "train/global_step": 629, "_timestamp": 1744226868.5302799, "_runtime": 1989.9656829833984, "_step": 1, "train_runtime": 1990.9801, "train_samples_per_second": 2.528, "train_steps_per_second": 0.316, "total_flos": 2.045359998023762e+17, "train_loss": 1.409448984506968, "_wandb": {"runtime": 1990}}