{"train_runtime": 108.1444, "train_samples_per_second": 2.062, "train_steps_per_second": 0.259, "total_flos": 1.0397520677044224e+16, "train_loss": 1.1705108370099748, "train/epoch": 1.0, "train/global_step": 28, "_timestamp": 1744093105.0726507, "_runtime": 2938.114000558853, "_step": 29, "eval/loss": 1.167064905166626, "eval/accuracy": 0.7891546254774955, "eval/total": 12042, "eval/invalid_preds": 242925, "eval/invalid_labels": 244731, "eval/runtime": 52.8685, "eval/samples_per_second": 4.748, "eval/steps_per_second": 0.605, "_wandb": {"runtime": 2939}}