{"train/epoch":0,"_runtime":50.287245187,"_wandb":{"runtime":51},"train/train_steps_per_second":0.129,"train/train_runtime":7.7768,"train/global_step":1,"train/total_flos":7.406503329792e+14,"train/train_samples_per_second":4.115,"_timestamp":1.746452589903607e+09,"_step":0,"train/train_loss":1.2542120218276978}