{"train_runtime": 57.1695, "train_samples_per_second": 3.848, "train_steps_per_second": 0.472, "total_flos": 3805304970018816.0, "train_loss": 1.225086494728371, "train/epoch": 0.9818181818181818, "train/global_step": 27, "_timestamp": 1744073717.8369033, "_runtime": 1609.9511682987213, "_step": 29, "eval/loss": 1.1732369661331177, "eval/accuracy": 0.7839229363893041, "eval/total": 12042, "eval/invalid_preds": 242644, "eval/invalid_labels": 244731, "eval/runtime": 28.9955, "eval/samples_per_second": 8.657, "eval/steps_per_second": 1.104, "_wandb": {"runtime": 1610}}