{"train_runtime": 56.4035, "train_samples_per_second": 3.9, "train_steps_per_second": 0.479, "total_flos": 3805304970018816.0, "train_loss": 1.6285439950448495, "train/epoch": 0.9818181818181818, "train/global_step": 27, "_timestamp": 1744066663.53104, "_runtime": 322.651850938797, "_step": 5, "eval/loss": 1.5401713848114014, "eval/accuracy": 0.7423185517355921, "eval/total": 12042, "eval/invalid_preds": 242231, "eval/invalid_labels": 244731, "eval/runtime": 28.8497, "eval/samples_per_second": 8.7, "eval/steps_per_second": 1.109, "_wandb": {"runtime": 322}}