{"train/loss": 0.6737, "train/grad_norm": 0.2314453125, "train/learning_rate": 0.0, "train/epoch": 0.9998412950325345, "train/global_step": 3150, "_timestamp": 1744272472.6543024, "_runtime": 9991.219484329224, "_step": 3150, "train_runtime": 9992.2411, "train_samples_per_second": 2.522, "train_steps_per_second": 0.315, "total_flos": 1.0243058813632512e+18, "train_loss": 0.7634945892530774, "_wandb": {"runtime": 9991}}