{"eval/loss": 3.5527074337005615, "eval/model_preparation_time": 0.0282, "eval/accuracy": 0.21212121212121213, "eval/f1": 0.09148472400105936, "eval/runtime": 104.707, "eval/samples_per_second": 11.031, "eval/steps_per_second": 1.385, "train/global_step": 130, "_timestamp": 1743997049.3339152, "_runtime": 326.92414927482605, "_step": 1, "train_runtime": 320.7648, "train_samples_per_second": 3.239, "train_steps_per_second": 0.405, "total_flos": 1.8304319644237824e+16, "train_loss": 1.518358670748197, "train/epoch": 1.0, "_wandb": {"runtime": 327}}