{"train/loss": 0.6593, "train/grad_norm": 0.375, "train/learning_rate": 0.0, "train/epoch": 1.09080992637033, "train/global_step": 3000, "_timestamp": 1744524379.5398958, "_runtime": 10299.927436828613, "_step": 6, "train_runtime": 10300.9583, "train_samples_per_second": 2.33, "train_steps_per_second": 0.291, "total_flos": 1.107651194781696e+18, "train_loss": 0.6962844950358072, "_wandb": {"runtime": 10300}}