{"train_runtime": 55.8898, "train_samples_per_second": 3.936, "train_steps_per_second": 0.483, "total_flos": 3805304970018816.0, "train_loss": 1.2650600009494357, "train/epoch": 0.9818181818181818, "train/global_step": 27, "_timestamp": 1744084696.6886408, "_runtime": 1606.3714518547058, "_step": 29, "eval/loss": 1.1807599067687988, "eval/accuracy": 0.784504235176881, "eval/total": 12042, "eval/invalid_preds": 242552, "eval/invalid_labels": 244731, "eval/runtime": 28.8941, "eval/samples_per_second": 8.687, "eval/steps_per_second": 1.107, "_wandb": {"runtime": 1606}}