{"train/total_flos":1.107651194781696e+17,"train/loss":0,"eval/loss":NaN,"train/train_runtime":948.7451,"eval/runtime":1328.2544,"_wandb":{"runtime":2609},"train/epoch":0.03,"train/train_loss":4.833210000991821,"eval/samples_per_second":11.788,"train/learning_rate":0,"_timestamp":1.7453463994517531e+09,"_step":31,"eval/steps_per_second":11.788,"train/train_steps_per_second":0.158,"_runtime":2294.810510945,"eval/simple_accuracy":0.0004934236426912935,"train/train_samples_per_second":5.059,"train/global_step":150}