{"train_runtime": 7.522, "train_samples_per_second": 3.191, "train_steps_per_second": 0.399, "total_flos": 422813928259584.0, "train_loss": 3.2378641764322915, "train/epoch": 1.0, "train/global_step": 3, "_timestamp": 1743988801.1998656, "_runtime": 307.1516184806824, "_step": 33, "eval/loss": 3.361698627471924, "eval/accuracy": 0.2672413793103448, "eval/runtime": 10.5839, "eval/samples_per_second": 10.96, "eval/steps_per_second": 1.417, "_wandb": {"runtime": 309}}