{"train/loss": 1.0534, "train/grad_norm": 0.314453125, "train/learning_rate": 3.508771929824562e-06, "train/epoch": 0.181801654395055, "train/global_step": 500, "_timestamp": 1744526133.2415617, "_runtime": 1721.8223707675934, "_step": 0}