{"train/train_samples_per_second":4.065,"_wandb":{"runtime":54},"_step":0,"train/train_runtime":7.8718,"train/global_step":1,"train/epoch":0,"_timestamp":1.746455160181691e+09,"train/train_steps_per_second":0.127,"train/train_loss":1.2542120218276978,"train/total_flos":8.7259172831232e+14,"_runtime":54.292554719}