{"train_runtime": 108.0004, "train_samples_per_second": 2.065, "train_steps_per_second": 0.259, "total_flos": 1.0397520677044224e+16, "train_loss": 1.5116513116019112, "train/epoch": 1.0, "train/global_step": 28, "_timestamp": 1744074404.4642003, "_runtime": 5851.755893230438, "_step": 59, "eval/loss": 1.454540729522705, "eval/accuracy": 0.7663178873941205, "eval/total": 12042, "eval/invalid_preds": 242426, "eval/invalid_labels": 244731, "eval/runtime": 52.8728, "eval/samples_per_second": 4.747, "eval/steps_per_second": 0.605, "_wandb": {"runtime": 5853}}