{"train/train_loss":1.2542120218276978,"_step":0,"train/total_flos":7.406503329792e+14,"_timestamp":1.7463122686907477e+09,"train/train_steps_per_second":0.128,"_wandb":{"runtime":57},"train/train_samples_per_second":4.1,"_runtime":45.852142798,"train/epoch":0,"train/global_step":1,"train/train_runtime":7.8056}