{"train_runtime": 107.851, "train_samples_per_second": 2.068, "train_steps_per_second": 0.26, "total_flos": 1.0397520677044224e+16, "train_loss": 1.2564411163330078, "train/epoch": 1.0, "train/global_step": 28, "_timestamp": 1744096079.6626163, "_runtime": 2929.8859741687775, "_step": 29, "eval/loss": 1.2083487510681152, "eval/accuracy": 0.7918950340475004, "eval/total": 12042, "eval/invalid_preds": 242693, "eval/invalid_labels": 244731, "eval/runtime": 52.7745, "eval/samples_per_second": 4.756, "eval/steps_per_second": 0.606, "_wandb": {"runtime": 2931}}