{"train_runtime": 6.3792, "train_samples_per_second": 11.914, "train_steps_per_second": 1.411, "total_flos": 38087082344448.0, "train_loss": 1.6255034340752497, "train/epoch": 0.9473684210526315, "train/global_step": 9, "_timestamp": 1744032308.349934, "_runtime": 6682.859240055084, "_step": 59, "eval/loss": 1.604356050491333, "eval/accuracy": 0.18354978354978355, "eval/f1": 0.09653351425531219, "eval/runtime": 30.8746, "eval/samples_per_second": 37.409, "eval/steps_per_second": 4.696, "_wandb": {"runtime": 6684}}