{"_step":0,"_wandb":{"runtime":55},"train/global_step":1,"train/train_samples_per_second":4.103,"train/train_loss":1.2542120218276978,"_timestamp":1.7464503996355233e+09,"_runtime":48.118153571,"train/epoch":0,"train/train_runtime":7.7995,"train/train_steps_per_second":0.128,"train/total_flos":7.406503329792e+14}