{"train/loss": 0.6005, "train/grad_norm": 0.8493411540985107, "train/learning_rate": 0.0, "train/epoch": 1.0907107798582076, "train/global_step": 3000, "_timestamp": 1744605691.3093228, "_runtime": 10806.289000749588, "_step": 600, "train_runtime": 10807.3169, "train_samples_per_second": 2.221, "train_steps_per_second": 0.278, "total_flos": 1.107651194781696e+18, "train_loss": 0.6199815071423849, "_wandb": {"runtime": 10807}}