{"train/loss": 1.4148, "train/grad_norm": 0.20703125, "train/learning_rate": 2.461049284578696e-08, "train/epoch": 0.9996027016289233, "train/global_step": 629, "_timestamp": 1744228896.4327362, "_runtime": 1994.7361452579498, "_step": 1, "train_runtime": 1995.7532, "train_samples_per_second": 2.522, "train_steps_per_second": 0.315, "total_flos": 2.045359998023762e+17, "train_loss": 1.4118337949622417, "_wandb": {"runtime": 1996}}