{"train/total_flos":2.215302389563392e+18,"train/train_steps_per_second":0.158,"train/train_samples_per_second":5.055,"_wandb":{"runtime":21940},"train/train_runtime":18990.142,"_runtime":21937.794682492,"eval/simple_accuracy":0.0004934236426912935,"_step":601,"train/train_loss":0.521912570476532,"eval/samples_per_second":13.305,"eval/runtime":1176.856,"train/learning_rate":0,"train/loss":0,"train/epoch":0.67,"_timestamp":1.745442203927794e+09,"eval/loss":NaN,"train/global_step":3000,"eval/steps_per_second":13.305}