{"train_runtime": 56.8712, "train_samples_per_second": 3.868, "train_steps_per_second": 0.475, "total_flos": 3805304970018816.0, "train_loss": 1.5800608882197626, "train/epoch": 0.9818181818181818, "train/global_step": 27, "_timestamp": 1744062215.5718608, "_runtime": 1608.7814917564392, "_step": 29, "eval/loss": 1.4878873825073242, "eval/accuracy": 0.0355372254871034, "eval/total": 256773, "eval/invalid_preds": 242180, "eval/invalid_labels": 244731, "eval/runtime": 28.5535, "eval/samples_per_second": 8.791, "eval/steps_per_second": 1.121, "_wandb": {"runtime": 1610}}