{"train/loss": 2.2892, "train/grad_norm": 0.498046875, "train/learning_rate": 1.0416243654822335e-06, "train/epoch": 0.1774580335731415, "train/global_step": 37, "_timestamp": 1744430804.6926167, "_runtime": 83.64374160766602, "_step": 36, "_wandb": {"runtime": 83}}