{"train/loss": 1.0369, "train/grad_norm": 0.87890625, "train/learning_rate": 0.0, "train/epoch": 0.9998412950325345, "train/global_step": 3150, "_timestamp": 1744262451.1488945, "_runtime": 9998.076266527176, "_step": 3150, "train_runtime": 9999.1147, "train_samples_per_second": 2.521, "train_steps_per_second": 0.315, "total_flos": 1.0243058813632512e+18, "train_loss": 1.099910232074677, "_wandb": {"runtime": 9998}}