{"_timestamp":1.7464507602189653e+09,"train/train_samples_per_second":4.115,"_wandb":{"runtime":68},"train/train_runtime":7.776,"train/train_loss":1.2542120218276978,"train/epoch":0,"_step":0,"train/train_steps_per_second":0.129,"_runtime":52.555726828,"train/total_flos":7.406503329792e+14,"train/global_step":1}