{"_runtime":52.28360309,"train/global_step":1,"train/train_samples_per_second":4.051,"train/train_loss":1.2542120218276978,"_timestamp":1.7464539393829086e+09,"train/train_steps_per_second":0.127,"_wandb":{"runtime":59},"train/train_runtime":7.8984,"train/epoch":0,"_step":0,"train/total_flos":8.7259172831232e+14}