{"train_runtime": 56.3279, "train_samples_per_second": 3.906, "train_steps_per_second": 0.479, "total_flos": 3805304970018816.0, "train_loss": 1.5520053439670138, "train/epoch": 0.9818181818181818, "train/global_step": 27, "_timestamp": 1744065117.509313, "_runtime": 1667.693311214447, "_step": 30, "eval/loss": 1.487638235092163, "eval/accuracy": 0.03553333099663906, "eval/total": 256773, "eval/invalid_preds": 242163, "eval/invalid_labels": 244731, "eval/runtime": 28.6531, "eval/samples_per_second": 8.76, "eval/steps_per_second": 1.117, "_wandb": {"runtime": 1714}}