{"train_runtime": 2.1433, "train_samples_per_second": 5.132, "train_steps_per_second": 0.467, "total_flos": 140937221111808.0, "train_loss": 1.6040313243865967, "train/epoch": 0.6666666666666666, "train/global_step": 1, "_timestamp": 1744065797.7605891, "_runtime": 63.89833116531372, "_step": 9, "eval/loss": 1.5433728694915771, "eval/accuracy": 0.03475832739423537, "eval/total": 256773, "eval/invalid_preds": 242211, "eval/invalid_labels": 244731, "eval/runtime": 28.2629, "eval/samples_per_second": 8.881, "eval/steps_per_second": 1.132, "_wandb": {"runtime": 63}}