{"train/loss": 1.3177, "train/grad_norm": 0.57421875, "train/learning_rate": 8.203497615262322e-07, "train/epoch": 0.9996027016289233, "train/global_step": 629, "_timestamp": 1744222772.0720222, "_runtime": 1993.7192792892456, "_step": 1, "train_runtime": 1994.7261, "train_samples_per_second": 2.523, "train_steps_per_second": 0.315, "total_flos": 2.045359998023762e+17, "train_loss": 1.3060463570259713, "_wandb": {"runtime": 2016}}