{"train_runtime": 107.4545, "train_samples_per_second": 2.075, "train_steps_per_second": 0.261, "total_flos": 1.0397520677044224e+16, "train_loss": 1.5806094578334264, "train/epoch": 1.0, "train/global_step": 28, "_timestamp": 1744102023.6607559, "_runtime": 2921.135113954544, "_step": 29, "eval/loss": 1.5046260356903076, "eval/accuracy": 0.762414881248962, "eval/total": 12042, "eval/invalid_preds": 242229, "eval/invalid_labels": 244731, "eval/runtime": 54.0203, "eval/samples_per_second": 4.646, "eval/steps_per_second": 0.592, "_wandb": {"runtime": 2923}}