{"train/loss": 1.1521, "train/grad_norm": 0.27658477425575256, "train/learning_rate": 0.0, "train/epoch": 0.36357025995273584, "train/global_step": 1000, "_timestamp": 1744608996.9226334, "_runtime": 3744.8826534748077, "_step": 200, "train_runtime": 3745.8903, "train_samples_per_second": 2.136, "train_steps_per_second": 0.267, "total_flos": 3.69217064927232e+17, "train_loss": 1.1167419996261596, "_wandb": {"runtime": 3745}}