{"train/loss": 0.7588, "train/grad_norm": 0.2490234375, "train/learning_rate": 8.20349761526232e-06, "train/epoch": 0.9996027016289233, "train/global_step": 629, "_timestamp": 1744215835.4597335, "_runtime": 4157.0450785160065, "_step": 2, "train_runtime": 2002.4193, "train_samples_per_second": 2.513, "train_steps_per_second": 0.314, "total_flos": 2.045359998023762e+17, "train_loss": 0.7422074164798416, "eval/loss": 0.6780570149421692, "eval/accuracy": 0.7136963644481897, "eval/total": 159013, "eval/invalid_preds": 10024899, "eval/invalid_labels": 10029044, "eval/runtime": 2155.3483, "eval/samples_per_second": 4.621, "eval/steps_per_second": 0.578, "_wandb": {"runtime": 4157}}