{"train_runtime": 56.9424, "train_samples_per_second": 3.864, "train_steps_per_second": 0.474, "total_flos": 3805304970018816.0, "train_loss": 1.291834654631438, "train/epoch": 0.9818181818181818, "train/global_step": 27, "_timestamp": 1744075372.17186, "_runtime": 1614.780245065689, "_step": 29, "eval/loss": 1.2423406839370728, "eval/accuracy": 0.7815146985550573, "eval/total": 12042, "eval/invalid_preds": 242606, "eval/invalid_labels": 244731, "eval/runtime": 28.9491, "eval/samples_per_second": 8.67, "eval/steps_per_second": 1.105, "_wandb": {"runtime": 1615}}