{"train_runtime": 56.8, "train_samples_per_second": 3.873, "train_steps_per_second": 0.475, "total_flos": 3805304970018816.0, "train_loss": 1.6271787572790075, "train/epoch": 0.9818181818181818, "train/global_step": 27, "_timestamp": 1744067165.6475348, "_runtime": 324.0047507286072, "_step": 5, "eval/loss": 1.5401341915130615, "eval/accuracy": 0.7416542102640757, "eval/total": 12042, "eval/invalid_preds": 242222, "eval/invalid_labels": 244731, "eval/runtime": 28.8154, "eval/samples_per_second": 8.711, "eval/steps_per_second": 1.111, "_wandb": {"runtime": 323}}