{"train_runtime": 2.1233, "train_samples_per_second": 5.181, "train_steps_per_second": 0.471, "total_flos": 140937221111808.0, "train_loss": 1.572230339050293, "train/epoch": 0.6666666666666666, "train/global_step": 1, "_timestamp": 1744066050.6373127, "_runtime": 66.02011060714722, "_step": 10, "eval/loss": 1.5433231592178345, "eval/accuracy": 0.7414050822122571, "eval/total": 12042, "eval/invalid_preds": 242211, "eval/invalid_labels": 244731, "eval/runtime": 28.4061, "eval/samples_per_second": 8.836, "eval/steps_per_second": 1.127, "_wandb": {"runtime": 73}}