{"train/loss": 0.6243, "train/grad_norm": 0.5706997513771057, "train/learning_rate": 0.0, "train/epoch": 0.36357025995273584, "train/global_step": 1000, "_timestamp": 1744580691.44481, "_runtime": 3603.05428981781, "_step": 200, "train_runtime": 3604.0625, "train_samples_per_second": 2.22, "train_steps_per_second": 0.277, "total_flos": 3.69217064927232e+17, "train_loss": 0.6703191270828247, "_wandb": {"runtime": 3604}}