{"train/loss": 1.1526, "train/grad_norm": 0.2779540717601776, "train/learning_rate": 0.0, "train/epoch": 0.36357025995273584, "train/global_step": 1000, "_timestamp": 1744617982.0633376, "_runtime": 3744.899828672409, "_step": 200, "train_runtime": 3745.9146, "train_samples_per_second": 2.136, "train_steps_per_second": 0.267, "total_flos": 3.69217064927232e+17, "train_loss": 1.1169448680877685, "_wandb": {"runtime": 3745}}