{"train/loss": 1.1307, "train/grad_norm": 0.3041315972805023, "train/learning_rate": 0.0, "train/epoch": 0.03635702599527359, "train/global_step": 100, "_timestamp": 1744600063.9401293, "_runtime": 380.5518991947174, "_step": 20, "train_runtime": 381.5868, "train_samples_per_second": 2.097, "train_steps_per_second": 0.262, "total_flos": 3.69217064927232e+16, "train_loss": 1.1133896160125731, "_wandb": {"runtime": 382}}