{"train_runtime": 56.9713, "train_samples_per_second": 3.862, "train_steps_per_second": 0.474, "total_flos": 3805304970018816.0, "train_loss": 1.4522877445927374, "train/epoch": 0.9818181818181818, "train/global_step": 27, "_timestamp": 1744077018.9547863, "_runtime": 1608.9025073051453, "_step": 29, "eval/loss": 1.3784916400909424, "eval/accuracy": 0.7626640093007806, "eval/total": 12042, "eval/invalid_preds": 242329, "eval/invalid_labels": 244731, "eval/runtime": 28.9079, "eval/samples_per_second": 8.683, "eval/steps_per_second": 1.107, "_wandb": {"runtime": 1610}}