{"train_runtime": 2.1547, "train_samples_per_second": 5.105, "train_steps_per_second": 0.464, "total_flos": 140937221111808.0, "train_loss": 1.5735554695129395, "train/epoch": 0.6666666666666666, "train/global_step": 1, "_timestamp": 1744068002.2910078, "_runtime": 72.23686170578003, "_step": 10, "eval/loss": 1.5433709621429443, "eval/accuracy": 0.7410729114764989, "eval/total": 12042, "eval/invalid_preds": 242213, "eval/invalid_labels": 244731, "eval/runtime": 28.5009, "eval/samples_per_second": 8.807, "eval/steps_per_second": 1.123, "_wandb": {"runtime": 77}}