{"train_runtime": 729.8009, "train_samples_per_second": 1.062, "train_steps_per_second": 0.26, "total_flos": 3.543549647781888e+16, "train_loss": 279.4018092105263, "train/epoch": 4.903225806451613, "train/global_step": 190, "_timestamp": 1744523585.72671, "_runtime": 728.7821359634399, "_step": 0, "_wandb": {"runtime": 731}}