{"train_runtime": 57.1336, "train_samples_per_second": 3.851, "train_steps_per_second": 0.473, "total_flos": 3805304970018816.0, "train_loss": 1.5340172096535012, "train/epoch": 0.9818181818181818, "train/global_step": 27, "_timestamp": 1744071317.186523, "_runtime": 3221.1976890563965, "_step": 59, "eval/loss": 1.453444004058838, "eval/accuracy": 0.7588440458395616, "eval/total": 12042, "eval/invalid_preds": 242184, "eval/invalid_labels": 244731, "eval/runtime": 29.078, "eval/samples_per_second": 8.632, "eval/steps_per_second": 1.1, "_wandb": {"runtime": 3223}}