{"train_runtime": 7.4324, "train_samples_per_second": 3.229, "train_steps_per_second": 0.404, "total_flos": 422813928259584.0, "train_loss": 3.6666259765625, "train/epoch": 1.0, "train/global_step": 3, "_timestamp": 1743988026.3263037, "_runtime": 58.99076271057129, "_step": 5, "eval/loss": 3.518272638320923, "eval/accuracy": 0.2672413793103448, "eval/runtime": 10.4202, "eval/samples_per_second": 11.132, "eval/steps_per_second": 1.44, "_wandb": {"runtime": 58}}