{"train/learning_rate":0,"_step":2,"train/train_samples_per_second":4.218,"train/global_step":10,"_timestamp":1.7462976613835292e+09,"train/train_runtime":75.8622,"train/epoch":0.01,"_runtime":118.90925563,"train/train_loss":1.2673962593078614,"train/loss":1.2629,"train/total_flos":7.406503329792e+15,"train/train_steps_per_second":0.132,"_wandb":{"runtime":126}}