{"train/loss": 0.5905, "train/grad_norm": 0.37109375, "train/learning_rate": 0.0, "train/epoch": 0.9998412950325345, "train/global_step": 3150, "_timestamp": 1744241926.166425, "_runtime": 9996.010757923126, "_step": 3150, "train_runtime": 9997.0433, "train_samples_per_second": 2.521, "train_steps_per_second": 0.315, "total_flos": 1.0243058813632512e+18, "train_loss": 0.660675074401356, "_wandb": {"runtime": 9996}}