{"train/loss": 1.1765, "train/grad_norm": 0.671875, "train/learning_rate": 0.0, "train/epoch": 0.995397555943501, "train/global_step": 196, "_timestamp": 1744316877.8322031, "_runtime": 9914.66633605957, "_step": 196, "train_runtime": 9915.9149, "train_samples_per_second": 2.542, "train_steps_per_second": 0.02, "total_flos": 1.0197534107794145e+18, "train_loss": 1.2583171025830873, "_wandb": {"runtime": 9915}}