{"train/train_runtime": 18.9893, "train/train_samples_per_second": 1.475, "train/train_steps_per_second": 0.369, "train/total_flos": 1305518291288064.0, "train/train_loss": 1.467142105102539, "train/epoch": 1.0, "train/global_step": 7, "_timestamp": 1740716099.2741804, "_runtime": 118.68181729316711, "_step": 2, "_wandb": {"runtime": 119}}