{"train_runtime": 107.9543, "train_samples_per_second": 2.066, "train_steps_per_second": 0.259, "total_flos": 1.0397520677044224e+16, "train_loss": 1.1299407822745187, "train/epoch": 1.0, "train/global_step": 28, "_timestamp": 1744090114.6434486, "_runtime": 2939.5462205410004, "_step": 29, "eval/loss": 1.1632215976715088, "eval/accuracy": 0.7914798206278026, "eval/total": 12042, "eval/invalid_preds": 242926, "eval/invalid_labels": 244731, "eval/runtime": 53.0538, "eval/samples_per_second": 4.731, "eval/steps_per_second": 0.603, "_wandb": {"runtime": 2941}}