{"train/loss": 0.6246, "train/grad_norm": 0.5731053352355957, "train/learning_rate": 0.0, "train/epoch": 0.36357025995273584, "train/global_step": 1000, "_timestamp": 1744700479.0920548, "_runtime": 3625.4022908210754, "_step": 200, "train_runtime": 3626.4129, "train_samples_per_second": 2.206, "train_steps_per_second": 0.276, "total_flos": 3.69217064927232e+17, "train_loss": 0.6702963688373565, "_wandb": {"runtime": 3626}}