{"train_runtime": 57.0455, "train_samples_per_second": 3.857, "train_steps_per_second": 0.473, "total_flos": 3805304970018816.0, "train_loss": 1.610973075584129, "train/epoch": 0.9818181818181818, "train/global_step": 27, "_timestamp": 1744080373.3869538, "_runtime": 1638.2357127666473, "_step": 29, "eval/loss": 1.528015375137329, "eval/accuracy": 0.7472180700880252, "eval/total": 12042, "eval/invalid_preds": 242228, "eval/invalid_labels": 244731, "eval/runtime": 28.8633, "eval/samples_per_second": 8.696, "eval/steps_per_second": 1.109, "_wandb": {"runtime": 1639}}