{"train/train_loss":1.2542120218276978,"train/train_steps_per_second":0.128,"_runtime":52.677857562,"train/train_runtime":7.7822,"_timestamp":1.7464483138427837e+09,"_wandb":{"runtime":60},"train/total_flos":7.406503329792e+14,"train/global_step":1,"train/train_samples_per_second":4.112,"train/epoch":0,"_step":0}