{"train_runtime": 300.9795, "train_samples_per_second": 1.661, "train_steps_per_second": 0.415, "total_flos": 0.0, "train_loss": 0.6898748779296875, "train/epoch": 1.0, "train/global_step": 125, "_timestamp": 1742525446.415541, "_runtime": 299.9463288784027, "_step": 0, "_wandb": {"runtime": 300}}