{"train_runtime": 96.254, "train_samples_per_second": 10.794, "train_steps_per_second": 1.351, "total_flos": 549617757720576.0, "train_loss": 1.6002394456129807, "train/epoch": 1.0, "train/global_step": 130, "_timestamp": 1743999190.6328003, "_runtime": 125.92718029022217, "_step": 1, "eval/loss": 1.5931026935577393, "eval/accuracy": 0.21991341991341992, "eval/f1": 0.08093264759931426, "eval/runtime": 30.5273, "eval/samples_per_second": 37.835, "eval/steps_per_second": 4.75, "_wandb": {"runtime": 186}}