{"_wandb":{"runtime":51},"_step":0,"train/global_step":1,"train/train_runtime":7.8524,"train/train_loss":1.2542120218276978,"_runtime":50.582164245,"train/total_flos":7.406503329792e+14,"train/train_steps_per_second":0.127,"train/train_samples_per_second":4.075,"train/epoch":0,"_timestamp":1.7463027948281384e+09}