{"train/loss": 0.6971, "train/grad_norm": 0.361328125, "train/learning_rate": 0.0, "train/epoch": 0.36357025995273584, "train/global_step": 1000, "_timestamp": 1744566645.2924047, "_runtime": 3435.7849967479706, "_step": 2, "train_runtime": 3436.8147, "train_samples_per_second": 2.328, "train_steps_per_second": 0.291, "total_flos": 3.69217064927232e+17, "train_loss": 0.7632196960449219, "_wandb": {"runtime": 3436}}