{"train/loss": 1.1526, "train/grad_norm": 0.2788427472114563, "train/learning_rate": 0.0, "train/epoch": 0.36357025995273584, "train/global_step": 1000, "_timestamp": 1744614207.5104609, "_runtime": 3715.4935688972473, "_step": 200, "train_runtime": 3716.5, "train_samples_per_second": 2.153, "train_steps_per_second": 0.269, "total_flos": 3.69217064927232e+17, "train_loss": 1.1169375762939453, "_wandb": {"runtime": 3716}}