{"eval/loss": 1.533941626548767, "eval/model_preparation_time": 0.0088, "eval/accuracy": 0.3229437229437229, "eval/f1": 0.15766755059948778, "eval/runtime": 30.4823, "eval/samples_per_second": 37.891, "eval/steps_per_second": 4.757, "train/global_step": 0, "_timestamp": 1743998998.7888887, "_runtime": 1053.572437763214, "_step": 21, "train_runtime": 87.1084, "train_samples_per_second": 11.928, "train_steps_per_second": 1.492, "total_flos": 549617757720576.0, "train_loss": 1.507229262131911, "train/epoch": 1.0, "_wandb": {"runtime": 1060}}