{"train_runtime": 6.3042, "train_samples_per_second": 12.056, "train_steps_per_second": 1.428, "total_flos": 38087082344448.0, "train_loss": 1.5386890835232205, "train/epoch": 0.9473684210526315, "train/global_step": 9, "_timestamp": 1744018995.863348, "_runtime": 6523.802561998367, "_step": 59, "eval/loss": 1.5853915214538574, "eval/accuracy": 0.2987012987012987, "eval/f1": 0.163843982948556, "eval/runtime": 30.6931, "eval/samples_per_second": 37.631, "eval/steps_per_second": 4.724, "_wandb": {"runtime": 6524}}