{"train_runtime": 107.5158, "train_samples_per_second": 2.074, "train_steps_per_second": 0.26, "total_flos": 1.0397520677044224e+16, "train_loss": 1.381875719342913, "train/epoch": 1.0, "train/global_step": 28, "_timestamp": 1744099058.8901892, "_runtime": 2934.9047412872314, "_step": 29, "eval/loss": 1.3308584690093994, "eval/accuracy": 0.7810994851353595, "eval/total": 12042, "eval/invalid_preds": 242483, "eval/invalid_labels": 244731, "eval/runtime": 52.8402, "eval/samples_per_second": 4.75, "eval/steps_per_second": 0.606, "_wandb": {"runtime": 2935}}