{"train_runtime": 0.4411, "train_samples_per_second": 2.267, "train_steps_per_second": 2.267, "total_flos": 17617152638976.0, "train_loss": 0.402849406003952, "train/epoch": 1.0, "train/global_step": 1, "_timestamp": 1744060471.2029002, "_runtime": 48.95467710494995, "_step": 10, "eval/loss": 1.543338418006897, "eval/accuracy": 0.03479337780841443, "eval/total": 256773, "eval/invalid_preds": 242207, "eval/invalid_labels": 244731, "eval/runtime": 28.9121, "eval/samples_per_second": 8.681, "eval/steps_per_second": 1.107, "_wandb": {"runtime": 57}}