{"train_runtime": 6.3064, "train_samples_per_second": 12.051, "train_steps_per_second": 1.427, "total_flos": 38087082344448.0, "train_loss": 0.6451663441128201, "train/epoch": 0.9473684210526315, "train/global_step": 9, "_timestamp": 1744012436.0143445, "_runtime": 6501.968110561371, "_step": 59, "eval/loss": 1.7491291761398315, "eval/accuracy": 0.3229437229437229, "eval/f1": 0.15766755059948778, "eval/runtime": 30.6298, "eval/samples_per_second": 37.708, "eval/steps_per_second": 4.734, "_wandb": {"runtime": 6501}}