{"train_runtime": 84.8701, "train_samples_per_second": 2.097, "train_steps_per_second": 0.259, "total_flos": 8206114973810688.0, "train_loss": 1.9254498915238814, "train/epoch": 0.9887640449438202, "train/global_step": 22, "_timestamp": 1744478258.270342, "_runtime": 3194.47194314003, "_step": 14, "_wandb": {"runtime": 3197}}