{"train_runtime": 6.1484, "train_samples_per_second": 12.361, "train_steps_per_second": 1.464, "total_flos": 38087082344448.0, "train_loss": 1.627288606431749, "train/epoch": 0.9473684210526315, "train/global_step": 9, "_timestamp": 1744039019.6499293, "_runtime": 6633.078398227692, "_step": 59, "eval/loss": 1.6047970056533813, "eval/accuracy": 0.18268398268398267, "eval/f1": 0.09707021610998155, "eval/runtime": 30.9716, "eval/samples_per_second": 37.292, "eval/steps_per_second": 4.682, "_wandb": {"runtime": 6632}}