{
    "epoch": 0.36357025995273584,
    "total_flos": 3.69217064927232e+17,
    "train_loss": 0.6286064019203186,
    "train_runtime": 3623.0625,
    "train_samples": 22004,
    "train_samples_per_second": 2.208,
    "train_steps_per_second": 0.276
}