{"train/loss": 0.5872, "train/grad_norm": 0.4296409487724304, "train/learning_rate": 0.0, "train/epoch": 0.36357025995273584, "train/global_step": 1000, "_timestamp": 1744696808.1658978, "_runtime": 3622.0447919368744, "_step": 200, "train_runtime": 3623.0625, "train_samples_per_second": 2.208, "train_steps_per_second": 0.276, "total_flos": 3.69217064927232e+17, "train_loss": 0.6286064019203186, "_wandb": {"runtime": 3622}}