{"train/epoch":0,"train/train_runtime":7.9093,"_step":0,"train/train_samples_per_second":4.046,"train/global_step":1,"train/train_steps_per_second":0.126,"_timestamp":1.7464522540423954e+09,"train/total_flos":7.406503329792e+14,"_wandb":{"runtime":56},"train/train_loss":1.2542120218276978,"_runtime":55.881371109}