{"_timestamp":1.7464514524048874e+09,"train/train_runtime":7.8045,"_runtime":50.141889729,"train/epoch":0,"train/global_step":1,"train/train_steps_per_second":0.128,"_step":0,"train/train_loss":1.2542120218276978,"_wandb":{"runtime":50},"train/train_samples_per_second":4.1,"train/total_flos":7.406503329792e+14}