{"train_runtime": 6.3361, "train_samples_per_second": 11.995, "train_steps_per_second": 1.42, "total_flos": 38087082344448.0, "train_loss": 0.5630506939358182, "train/epoch": 0.9473684210526315, "train/global_step": 9, "_timestamp": 1744005902.1143684, "_runtime": 6569.282729387283, "_step": 59, "eval/loss": 2.163539171218872, "eval/accuracy": 0.3229437229437229, "eval/f1": 0.15766755059948778, "eval/runtime": 30.8227, "eval/samples_per_second": 37.472, "eval/steps_per_second": 4.704, "_wandb": {"runtime": 6569}}