{"train/loss": 0.6681, "train/grad_norm": 0.5456660389900208, "train/learning_rate": 0.0, "train/epoch": 0.36357025995273584, "train/global_step": 1000, "_timestamp": 1744704133.500373, "_runtime": 3626.0410799980164, "_step": 200, "train_runtime": 3627.0768, "train_samples_per_second": 2.206, "train_steps_per_second": 0.276, "total_flos": 3.69217064927232e+17, "train_loss": 0.7314439399242401, "_wandb": {"runtime": 3626}}