{"train/loss": 0.9867, "train/grad_norm": 0.2099609375, "train/learning_rate": 2.461049284578696e-06, "train/epoch": 0.9996027016289233, "train/global_step": 629, "_timestamp": 1744219982.4362385, "_runtime": 4107.13364648819, "_step": 2, "train_runtime": 1997.2672, "train_samples_per_second": 2.52, "train_steps_per_second": 0.315, "total_flos": 2.045359998023762e+17, "train_loss": 0.9588948357465347, "eval/loss": 0.8524969220161438, "eval/accuracy": 0.7083886223138989, "eval/total": 159013, "eval/invalid_preds": 10002627, "eval/invalid_labels": 10029044, "eval/runtime": 2110.6163, "eval/samples_per_second": 4.719, "eval/steps_per_second": 0.59, "_wandb": {"runtime": 4106}}