{"train_runtime": 731.1668, "train_samples_per_second": 1.06, "train_steps_per_second": 0.26, "total_flos": 3.543549647781888e+16, "train_loss": 240.85847039473686, "train/epoch": 4.903225806451613, "train/global_step": 190, "_timestamp": 1744524350.8521063, "_runtime": 730.1298043727875, "_step": 0, "_wandb": {"runtime": 732}}