{"train_runtime": 710.8246, "train_samples_per_second": 3.219, "train_steps_per_second": 0.402, "total_flos": 4.030826116074701e+16, "train_loss": 0.5471372804441652, "train/epoch": 1.0, "train/global_step": 286, "_timestamp": 1743993453.7358084, "_runtime": 4565.586750268936, "_step": 14, "eval/loss": 1.8805899620056152, "eval/accuracy": 0.07758620689655173, "eval/runtime": 10.6025, "eval/samples_per_second": 10.941, "eval/steps_per_second": 1.415, "_wandb": {"runtime": 4626}}