{"train_runtime": 56.73, "train_samples_per_second": 3.878, "train_steps_per_second": 0.476, "total_flos": 3805304970018816.0, "train_loss": 1.577272061948423, "train/epoch": 0.9818181818181818, "train/global_step": 27, "_timestamp": 1744078684.794825, "_runtime": 1622.4735081195831, "_step": 29, "eval/loss": 1.4877671003341675, "eval/accuracy": 0.7572662348447102, "eval/total": 12042, "eval/invalid_preds": 242175, "eval/invalid_labels": 244731, "eval/runtime": 28.8137, "eval/samples_per_second": 8.711, "eval/steps_per_second": 1.111, "_wandb": {"runtime": 1624}}