{
    "epoch": 0.03635702599527359,
    "total_flos": 3.69217064927232e+16,
    "train_loss": 1.1133896160125731,
    "train_runtime": 381.5868,
    "train_samples": 22004,
    "train_samples_per_second": 2.097,
    "train_steps_per_second": 0.262
}