{"train_runtime": 56.9538, "train_samples_per_second": 3.863, "train_steps_per_second": 0.474, "total_flos": 3805304970018816.0, "train_loss": 1.6272686145923756, "train/epoch": 0.9818181818181818, "train/global_step": 27, "_timestamp": 1744081996.747596, "_runtime": 1583.663104057312, "_step": 28, "eval/loss": 1.5415196418762207, "eval/accuracy": 0.7420694236837735, "eval/total": 12042, "eval/invalid_preds": 242227, "eval/invalid_labels": 244731, "eval/runtime": 28.8764, "eval/samples_per_second": 8.692, "eval/steps_per_second": 1.108, "_wandb": {"runtime": 1608}}