{"_timestamp":1.7464494812862322e+09,"train/epoch":0,"train/global_step":1,"train/train_samples_per_second":4.095,"train/train_steps_per_second":0.128,"train/train_loss":1.2542120218276978,"_runtime":49.604660445,"train/train_runtime":7.8153,"train/total_flos":7.406503329792e+14,"_wandb":{"runtime":56},"_step":0}