{"train_runtime": 2.1556, "train_samples_per_second": 5.103, "train_steps_per_second": 0.464, "total_flos": 140937221111808.0, "train_loss": 1.5727006196975708, "train/epoch": 0.6666666666666666, "train/global_step": 1, "_timestamp": 1744067457.1426504, "_runtime": 198.9150893688202, "_step": 22, "eval/loss": 1.5427253246307373, "eval/accuracy": 0.7419863809998339, "eval/total": 12042, "eval/invalid_preds": 242215, "eval/invalid_labels": 244731, "eval/runtime": 28.6727, "eval/samples_per_second": 8.754, "eval/steps_per_second": 1.116, "_wandb": {"runtime": 204}}