{"_runtime":58.44187171,"_step":0,"_wandb":{"runtime":58},"train/epoch":0,"train/train_runtime":7.8566,"train/global_step":1,"_timestamp":1.746451558281788e+09,"train/train_steps_per_second":0.127,"train/total_flos":7.406503329792e+14,"train/train_samples_per_second":4.073,"train/train_loss":1.2542120218276978}