{"train_runtime": 0.4501, "train_samples_per_second": 2.221, "train_steps_per_second": 2.221, "total_flos": 17617152638976.0, "train_loss": 0.4029000401496887, "train/epoch": 1.0, "train/global_step": 1, "_timestamp": 1744060344.7887557, "_runtime": 47.05814170837402, "_step": 10, "eval/loss": 1.5433980226516724, "eval/accuracy": 0.03478169433702141, "eval/total": 256773, "eval/invalid_preds": 242204, "eval/invalid_labels": 244731, "eval/runtime": 28.6458, "eval/samples_per_second": 8.762, "eval/steps_per_second": 1.117, "_wandb": {"runtime": 63}}