{"train/total_flos":2.215302389563392e+18,"train/global_step":3000,"_step":600,"train/train_samples_per_second":5.015,"train/learning_rate":0,"train/train_steps_per_second":0.157,"_wandb":{"runtime":20433},"_runtime":20428.090508904,"train/loss":0.6118,"_timestamp":1.7453692064017541e+09,"train/train_runtime":19142.4131,"train/epoch":2.18,"train/train_loss":0.6403467053572337}