{"train/loss": 1.3994, "train/grad_norm": 0.26171875, "train/learning_rate": 2.461049284578696e-07, "train/epoch": 0.9996027016289233, "train/global_step": 629, "_timestamp": 1744224849.8663547, "_runtime": 2009.056616783142, "_step": 1, "train_runtime": 2010.0686, "train_samples_per_second": 2.504, "train_steps_per_second": 0.313, "total_flos": 2.045359998023762e+17, "train_loss": 1.3952116852534404, "_wandb": {"runtime": 2009}}