{"train_runtime": 728.3974, "train_samples_per_second": 1.064, "train_steps_per_second": 0.261, "total_flos": 3.543549647781888e+16, "train_loss": 395.27578125, "train/epoch": 4.903225806451613, "train/global_step": 190, "_timestamp": 1744520541.5136921, "_runtime": 727.3668701648712, "_step": 0, "_wandb": {"runtime": 730}}