{"train/loss": 0.6736, "train/grad_norm": 0.234375, "train/learning_rate": 0.0, "train/epoch": 0.9998412950325345, "train/global_step": 3150, "_timestamp": 1744252111.2520866, "_runtime": 10154.289271593094, "_step": 3150, "train_runtime": 10155.2966, "train_samples_per_second": 2.482, "train_steps_per_second": 0.31, "total_flos": 1.0243058813632512e+18, "train_loss": 0.7635507339144509, "_wandb": {"runtime": 10154}}