{"train_runtime": 730.0879, "train_samples_per_second": 1.062, "train_steps_per_second": 0.26, "total_flos": 3.543549647781888e+16, "train_loss": 390.02549342105266, "train/epoch": 4.903225806451613, "train/global_step": 190, "_timestamp": 1744521303.440121, "_runtime": 729.0720298290253, "_step": 0, "_wandb": {"runtime": 731}}