{"train/train_samples_per_second":4.06,"_wandb":{"runtime":53},"train/train_loss":1.2542120218276978,"_step":0,"train/total_flos":7.406503329792e+14,"_runtime":53.076914762,"_timestamp":1.746452047016659e+09,"train/train_runtime":7.8819,"train/global_step":1,"train/epoch":0,"train/train_steps_per_second":0.127}